subjID,starttime,useragent,wind,delete,attempts,return
connect-F7D40967AFF441E08EE288EBFBFBB8E6,1705337845233,Mozilla/5.0 (Macintosh; Intel Mac OS X 10.14; rv:109.0) Gecko/20100101 Firefox/115.0,"{'q': 'Which direction does the wind push the marble if this is the icon you see?', 'corr': 'right', 'a': 'right'}","{'q': ""What should you do to delete the last line after you've drawn it?"", 'corr': 'undo', 'a': 'undo'}","{'q': 'How many attempts do you have per round?', 'corr': '5', 'a': '5'}","{'q': 'You can return to a previous LEVEL after the game.', 'corr': 'false', 'a': 'false'}"
connect-218D74FFB32A4C838A88C6019A69DE91,1705167896138,"Mozilla/5.0 (Macintosh; Intel Mac OS X 10_15_7) AppleWebKit/537.36 (KHTML, like Gecko) Chrome/120.0.0.0 Safari/537.36","{'q': 'Which direction does the wind push the marble if this is the icon you see?', 'corr': 'right', 'a': 'left'}","{'q': ""What should you do to delete the last line after you've drawn it?"", 'corr': 'undo', 'a': 'clear'}","{'q': 'How many attempts do you have per round?', 'corr': '5', 'a': '5'}","{'q': 'You can return to a previous LEVEL after the game.', 'corr': 'false', 'a': 'false'}"
connect-218D74FFB32A4C838A88C6019A69DE91,1705167896138,"Mozilla/5.0 (Macintosh; Intel Mac OS X 10_15_7) AppleWebKit/537.36 (KHTML, like Gecko) Chrome/120.0.0.0 Safari/537.36","{'q': 'Which direction does the wind push the marble if this is the icon you see?', 'corr': 'right', 'a': 'right'}","{'q': ""What should you do to delete the last line after you've drawn it?"", 'corr': 'undo', 'a': 'undo'}","{'q': 'How many attempts do you have per round?', 'corr': '5', 'a': '5'}","{'q': 'You can return to a previous LEVEL after the game.', 'corr': 'false', 'a': 'false'}"
connect-B8837FA27F2A469DB352A42C963C3223,1705337865506,"Mozilla/5.0 (Windows NT 10.0; Win64; x64) AppleWebKit/537.36 (KHTML, like Gecko) Chrome/120.0.0.0 Safari/537.36","{'q': 'Which direction does the wind push the marble if this is the icon you see?', 'corr': 'right', 'a': 'right'}","{'q': ""What should you do to delete the last line after you've drawn it?"", 'corr': 'undo', 'a': 'undo'}","{'q': 'How many attempts do you have per round?', 'corr': '5', 'a': '5'}","{'q': 'You can return to a previous LEVEL after the game.', 'corr': 'false', 'a': 'false'}"
connect-75B7E17B71B840568DF71AE43662AD2D,1705339200537,"Mozilla/5.0 (Windows NT 10.0; Win64; x64) AppleWebKit/537.36 (KHTML, like Gecko) Chrome/120.0.0.0 Safari/537.36 OPR/106.0.0.0","{'q': 'Which direction does the wind push the marble if this is the icon you see?', 'corr': 'right', 'a': 'left'}","{'q': ""What should you do to delete the last line after you've drawn it?"", 'corr': 'undo', 'a': 'undo'}","{'q': 'How many attempts do you have per round?', 'corr': '5', 'a': '5'}","{'q': 'You can return to a previous LEVEL after the game.', 'corr': 'false', 'a': 'false'}"
connect-9D8842C12C3C45E08D9D5B2B2D54D4B9,1705337839437,"Mozilla/5.0 (Windows NT 10.0; Win64; x64) AppleWebKit/537.36 (KHTML, like Gecko) Chrome/120.0.0.0 Safari/537.36","{'q': 'Which direction does the wind push the marble if this is the icon you see?', 'corr': 'right', 'a': 'right'}","{'q': ""What should you do to delete the last line after you've drawn it?"", 'corr': 'undo', 'a': 'undo'}","{'q': 'How many attempts do you have per round?', 'corr': '5', 'a': '5'}","{'q': 'You can return to a previous LEVEL after the game.', 'corr': 'false', 'a': 'false'}"
connect-1DF28D04D4BC4AD0A9B59DD0E935393A,1705337845934,"Mozilla/5.0 (Windows NT 10.0; Win64; x64) AppleWebKit/537.36 (KHTML, like Gecko) Chrome/120.0.0.0 Safari/537.36","{'q': 'Which direction does the wind push the marble if this is the icon you see?', 'corr': 'right', 'a': 'left'}","{'q': ""What should you do to delete the last line after you've drawn it?"", 'corr': 'undo', 'a': 'undo'}","{'q': 'How many attempts do you have per round?', 'corr': '5', 'a': '5'}","{'q': 'You can return to a previous LEVEL after the game.', 'corr': 'false', 'a': 'false'}"
connect-85C92CDBAC71452684E2566DAB6C7342,1705337827811,"Mozilla/5.0 (Windows NT 10.0; Win64; x64) AppleWebKit/537.36 (KHTML, like Gecko) Chrome/120.0.0.0 Safari/537.36","{'q': 'Which direction does the wind push the marble if this is the icon you see?', 'corr': 'right', 'a': 'left'}","{'q': ""What should you do to delete the last line after you've drawn it?"", 'corr': 'undo', 'a': 'undo'}","{'q': 'How many attempts do you have per round?', 'corr': '5', 'a': '5'}","{'q': 'You can return to a previous LEVEL after the game.', 'corr': 'false', 'a': 'false'}"
connect-BA366CE24A6245D0BFF165BA41E4F395,1705337858483,"Mozilla/5.0 (Windows NT 10.0; Win64; x64) AppleWebKit/537.36 (KHTML, like Gecko) Chrome/120.0.0.0 Safari/537.36","{'q': 'Which direction does the wind push the marble if this is the icon you see?', 'corr': 'right', 'a': 'left'}","{'q': ""What should you do to delete the last line after you've drawn it?"", 'corr': 'undo', 'a': 'undo'}","{'q': 'How many attempts do you have per round?', 'corr': '5', 'a': '5'}","{'q': 'You can return to a previous LEVEL after the game.', 'corr': 'false', 'a': 'false'}"
connect-09804C26E1FD4C718AE81F0720A2B530,1705338319252,"Mozilla/5.0 (Windows NT 10.0; Win64; x64) AppleWebKit/537.36 (KHTML, like Gecko) Chrome/120.0.0.0 Safari/537.36 Edg/120.0.0.0","{'q': 'Which direction does the wind push the marble if this is the icon you see?', 'corr': 'right', 'a': 'right'}","{'q': ""What should you do to delete the last line after you've drawn it?"", 'corr': 'undo', 'a': 'undo'}","{'q': 'How many attempts do you have per round?', 'corr': '5', 'a': '5'}","{'q': 'You can return to a previous LEVEL after the game.', 'corr': 'false', 'a': 'false'}"
connect-1D9FDFC8331148438004EEADB3CD9487,1705339702297,Mozilla/5.0 (Windows NT 10.0; Win64; x64; rv:121.0) Gecko/20100101 Firefox/121.0,"{'q': 'Which direction does the wind push the marble if this is the icon you see?', 'corr': 'right', 'a': 'right'}","{'q': ""What should you do to delete the last line after you've drawn it?"", 'corr': 'undo', 'a': 'undo'}","{'q': 'How many attempts do you have per round?', 'corr': '5', 'a': '5'}","{'q': 'You can return to a previous LEVEL after the game.', 'corr': 'false', 'a': 'false'}"
connect-9E996302D5244260878FDB74CBB316F4,1705337824915,"Mozilla/5.0 (Windows NT 10.0; Win64; x64) AppleWebKit/537.36 (KHTML, like Gecko) Chrome/120.0.0.0 Safari/537.36","{'q': 'Which direction does the wind push the marble if this is the icon you see?', 'corr': 'right', 'a': 'left'}","{'q': ""What should you do to delete the last line after you've drawn it?"", 'corr': 'undo', 'a': 'undo'}","{'q': 'How many attempts do you have per round?', 'corr': '5', 'a': '5'}","{'q': 'You can return to a previous LEVEL after the game.', 'corr': 'false', 'a': 'false'}"
connect-744714E340DB43A9BF547F27A1FC506D,1705338188079,"Mozilla/5.0 (Windows NT 10.0; Win64; x64) AppleWebKit/537.36 (KHTML, like Gecko) Chrome/120.0.0.0 Safari/537.36","{'q': 'Which direction does the wind push the marble if this is the icon you see?', 'corr': 'right', 'a': 'right'}","{'q': ""What should you do to delete the last line after you've drawn it?"", 'corr': 'undo', 'a': 'undo'}","{'q': 'How many attempts do you have per round?', 'corr': '5', 'a': '5'}","{'q': 'You can return to a previous LEVEL after the game.', 'corr': 'false', 'a': 'false'}"
connect-D458E31B550C4D3CAE8C537D4BF86527,1705337854836,"Mozilla/5.0 (Macintosh; Intel Mac OS X 10_15_7) AppleWebKit/537.36 (KHTML, like Gecko) Chrome/120.0.0.0 Safari/537.36","{'q': 'Which direction does the wind push the marble if this is the icon you see?', 'corr': 'right', 'a': 'right'}","{'q': ""What should you do to delete the last line after you've drawn it?"", 'corr': 'undo', 'a': 'undo'}","{'q': 'How many attempts do you have per round?', 'corr': '5', 'a': '5'}","{'q': 'You can return to a previous LEVEL after the game.', 'corr': 'false', 'a': 'false'}"
connect-B4C2801910A4437E86A6FFE31337C252,1705338505196,"Mozilla/5.0 (Windows NT 10.0; Win64; x64) AppleWebKit/537.36 (KHTML, like Gecko) Chrome/120.0.0.0 Safari/537.36 Edg/120.0.0.0","{'q': 'Which direction does the wind push the marble if this is the icon you see?', 'corr': 'right', 'a': 'right'}","{'q': ""What should you do to delete the last line after you've drawn it?"", 'corr': 'undo', 'a': 'undo'}","{'q': 'How many attempts do you have per round?', 'corr': '5', 'a': '5'}","{'q': 'You can return to a previous LEVEL after the game.', 'corr': 'false', 'a': 'false'}"
connect-5B5C3D85087A4E16BBF4767641D407C0,1705337842016,"Mozilla/5.0 (Windows NT 10.0; Win64; x64) AppleWebKit/537.36 (KHTML, like Gecko) Chrome/119.0.0.0 Safari/537.36 OPR/105.0.0.0","{'q': 'Which direction does the wind push the marble if this is the icon you see?', 'corr': 'right', 'a': 'right'}","{'q': ""What should you do to delete the last line after you've drawn it?"", 'corr': 'undo', 'a': 'undo'}","{'q': 'How many attempts do you have per round?', 'corr': '5', 'a': '5'}","{'q': 'You can return to a previous LEVEL after the game.', 'corr': 'false', 'a': 'false'}"
connect-38E88BFE801348688308C56AB51DD6AF,1705337845331,Mozilla/5.0 (Windows NT 10.0; Win64; x64; rv:123.0) Gecko/20100101 Firefox/123.0,"{'q': 'Which direction does the wind push the marble if this is the icon you see?', 'corr': 'right', 'a': 'right'}","{'q': ""What should you do to delete the last line after you've drawn it?"", 'corr': 'undo', 'a': 'undo'}","{'q': 'How many attempts do you have per round?', 'corr': '5', 'a': '5'}","{'q': 'You can return to a previous LEVEL after the game.', 'corr': 'false', 'a': 'false'}"
connect-C18D5510DF5D4BDB8BC7983EA601CCCB,1705337839429,"Mozilla/5.0 (Windows NT 10.0; Win64; x64) AppleWebKit/537.36 (KHTML, like Gecko) Chrome/120.0.0.0 Safari/537.36","{'q': 'Which direction does the wind push the marble if this is the icon you see?', 'corr': 'right', 'a': 'right'}","{'q': ""What should you do to delete the last line after you've drawn it?"", 'corr': 'undo', 'a': 'undo'}","{'q': 'How many attempts do you have per round?', 'corr': '5', 'a': '5'}","{'q': 'You can return to a previous LEVEL after the game.', 'corr': 'false', 'a': 'false'}"
connect-0CF3DCDB98DC44B49C405E0A04B920BD,1705337829645,"Mozilla/5.0 (Windows NT 10.0; Win64; x64) AppleWebKit/537.36 (KHTML, like Gecko) Chrome/120.0.0.0 Safari/537.36","{'q': 'Which direction does the wind push the marble if this is the icon you see?', 'corr': 'right', 'a': 'right'}","{'q': ""What should you do to delete the last line after you've drawn it?"", 'corr': 'undo', 'a': 'undo'}","{'q': 'How many attempts do you have per round?', 'corr': '5', 'a': '5'}","{'q': 'You can return to a previous LEVEL after the game.', 'corr': 'false', 'a': 'false'}"
connect-0835DE564D654FDBBB0C74A252B0AEEC,1705339771270,"Mozilla/5.0 (Windows NT 10.0; Win64; x64) AppleWebKit/537.36 (KHTML, like Gecko) Chrome/120.0.0.0 Safari/537.36","{'q': 'Which direction does the wind push the marble if this is the icon you see?', 'corr': 'right', 'a': 'right'}","{'q': ""What should you do to delete the last line after you've drawn it?"", 'corr': 'undo', 'a': 'clear'}","{'q': 'How many attempts do you have per round?', 'corr': '5', 'a': '5'}","{'q': 'You can return to a previous LEVEL after the game.', 'corr': 'false', 'a': 'true'}"
connect-0835DE564D654FDBBB0C74A252B0AEEC,1705339771270,"Mozilla/5.0 (Windows NT 10.0; Win64; x64) AppleWebKit/537.36 (KHTML, like Gecko) Chrome/120.0.0.0 Safari/537.36","{'q': 'Which direction does the wind push the marble if this is the icon you see?', 'corr': 'right', 'a': 'right'}","{'q': ""What should you do to delete the last line after you've drawn it?"", 'corr': 'undo', 'a': 'clear'}","{'q': 'How many attempts do you have per round?', 'corr': '5', 'a': '5'}","{'q': 'You can return to a previous LEVEL after the game.', 'corr': 'false', 'a': 'false'}"
connect-D5BC4981DBEB49249269FD69536835CB,1705338156196,"Mozilla/5.0 (Windows NT 10.0; Win64; x64) AppleWebKit/537.36 (KHTML, like Gecko) Chrome/120.0.0.0 Safari/537.36","{'q': 'Which direction does the wind push the marble if this is the icon you see?', 'corr': 'right', 'a': 'right'}","{'q': ""What should you do to delete the last line after you've drawn it?"", 'corr': 'undo', 'a': 'undo'}","{'q': 'How many attempts do you have per round?', 'corr': '5', 'a': '5'}","{'q': 'You can return to a previous LEVEL after the game.', 'corr': 'false', 'a': 'false'}"
connect-74901D2ADE564603BE59D28A55952B5C,1705167815403,"Mozilla/5.0 (Windows NT 10.0; Win64; x64) AppleWebKit/537.36 (KHTML, like Gecko) Chrome/120.0.0.0 Safari/537.36","{'q': 'Which direction does the wind push the marble if this is the icon you see?', 'corr': 'right', 'a': 'right'}","{'q': ""What should you do to delete the last line after you've drawn it?"", 'corr': 'undo', 'a': 'undo'}","{'q': 'How many attempts do you have per round?', 'corr': '5', 'a': '5'}","{'q': 'You can return to a previous LEVEL after the game.', 'corr': 'false', 'a': 'false'}"
connect-512FED05A72842BF9658B966FBD7F076,1705337863092,Mozilla/5.0 (Windows NT 10.0; Win64; x64; rv:121.0) Gecko/20100101 Firefox/121.0,"{'q': 'Which direction does the wind push the marble if this is the icon you see?', 'corr': 'right', 'a': 'left'}","{'q': ""What should you do to delete the last line after you've drawn it?"", 'corr': 'undo', 'a': 'clear'}","{'q': 'How many attempts do you have per round?', 'corr': '5', 'a': '5'}","{'q': 'You can return to a previous LEVEL after the game.', 'corr': 'false', 'a': 'false'}"
connect-512FED05A72842BF9658B966FBD7F076,1705337863092,Mozilla/5.0 (Windows NT 10.0; Win64; x64; rv:121.0) Gecko/20100101 Firefox/121.0,"{'q': 'Which direction does the wind push the marble if this is the icon you see?', 'corr': 'right', 'a': 'right'}","{'q': ""What should you do to delete the last line after you've drawn it?"", 'corr': 'undo', 'a': 'undo'}","{'q': 'How many attempts do you have per round?', 'corr': '5', 'a': '5'}","{'q': 'You can return to a previous LEVEL after the game.', 'corr': 'false', 'a': 'false'}"
connect-C2527D180A8D4FF7B530F2912D56BC45,1705337829563,"Mozilla/5.0 (Windows NT 10.0; Win64; x64) AppleWebKit/537.36 (KHTML, like Gecko) Chrome/120.0.0.0 Safari/537.36","{'q': 'Which direction does the wind push the marble if this is the icon you see?', 'corr': 'right', 'a': 'right'}","{'q': ""What should you do to delete the last line after you've drawn it?"", 'corr': 'undo', 'a': 'undo'}","{'q': 'How many attempts do you have per round?', 'corr': '5', 'a': '5'}","{'q': 'You can return to a previous LEVEL after the game.', 'corr': 'false', 'a': 'false'}"
connect-34F949038F494488A829779BF16392EE,1705337831948,"Mozilla/5.0 (Windows NT 10.0; Win64; x64) AppleWebKit/537.36 (KHTML, like Gecko) Chrome/120.0.0.0 Safari/537.36","{'q': 'Which direction does the wind push the marble if this is the icon you see?', 'corr': 'right', 'a': 'left'}","{'q': ""What should you do to delete the last line after you've drawn it?"", 'corr': 'undo', 'a': 'undo'}","{'q': 'How many attempts do you have per round?', 'corr': '5', 'a': '5'}","{'q': 'You can return to a previous LEVEL after the game.', 'corr': 'false', 'a': 'false'}"
connect-CE387251FBBC45A58D6920EB0935069A,1705337823240,Mozilla/5.0 (Windows NT 10.0; Win64; x64; rv:121.0) Gecko/20100101 Firefox/121.0,"{'q': 'Which direction does the wind push the marble if this is the icon you see?', 'corr': 'right', 'a': 'right'}","{'q': ""What should you do to delete the last line after you've drawn it?"", 'corr': 'undo', 'a': 'undo'}","{'q': 'How many attempts do you have per round?', 'corr': '5', 'a': '5'}","{'q': 'You can return to a previous LEVEL after the game.', 'corr': 'false', 'a': 'false'}"
connect-738C47B8F8254C7B80D9362DD68F28BE,1705339092929,Mozilla/5.0 (Windows NT 10.0; Win64; x64; rv:121.0) Gecko/20100101 Firefox/121.0,"{'q': 'Which direction does the wind push the marble if this is the icon you see?', 'corr': 'right', 'a': 'right'}","{'q': ""What should you do to delete the last line after you've drawn it?"", 'corr': 'undo', 'a': 'undo'}","{'q': 'How many attempts do you have per round?', 'corr': '5', 'a': '5'}","{'q': 'You can return to a previous LEVEL after the game.', 'corr': 'false', 'a': 'false'}"
connect-D04F6CB04CD04617BC6683C605093ECB,1705337847744,"Mozilla/5.0 (Windows NT 10.0; Win64; x64) AppleWebKit/537.36 (KHTML, like Gecko) Chrome/120.0.0.0 Safari/537.36","{'q': 'Which direction does the wind push the marble if this is the icon you see?', 'corr': 'right', 'a': 'left'}","{'q': ""What should you do to delete the last line after you've drawn it?"", 'corr': 'undo', 'a': 'undo'}","{'q': 'How many attempts do you have per round?', 'corr': '5', 'a': '5'}","{'q': 'You can return to a previous LEVEL after the game.', 'corr': 'false', 'a': 'false'}"
connect-4C704272968744788971EEBB255AE4B2,1705337838257,"Mozilla/5.0 (Macintosh; Intel Mac OS X 10_15_7) AppleWebKit/537.36 (KHTML, like Gecko) Chrome/120.0.0.0 Safari/537.36","{'q': 'Which direction does the wind push the marble if this is the icon you see?', 'corr': 'right', 'a': 'right'}","{'q': ""What should you do to delete the last line after you've drawn it?"", 'corr': 'undo', 'a': 'undo'}","{'q': 'How many attempts do you have per round?', 'corr': '5', 'a': '5'}","{'q': 'You can return to a previous LEVEL after the game.', 'corr': 'false', 'a': 'false'}"
connect-583B48DB907C40209E1A17E7E6700800,1705338222459,"Mozilla/5.0 (Windows NT 10.0; Win64; x64) AppleWebKit/537.36 (KHTML, like Gecko) Chrome/120.0.0.0 Safari/537.36","{'q': 'Which direction does the wind push the marble if this is the icon you see?', 'corr': 'right', 'a': 'right'}","{'q': ""What should you do to delete the last line after you've drawn it?"", 'corr': 'undo', 'a': 'undo'}","{'q': 'How many attempts do you have per round?', 'corr': '5', 'a': '5'}","{'q': 'You can return to a previous LEVEL after the game.', 'corr': 'false', 'a': 'false'}"
connect-431D7BBD3E5D427394A3936696896D02,1705337748057,Mozilla/5.0 (Windows NT 10.0; Win64; x64; rv:121.0) Gecko/20100101 Firefox/121.0,"{'q': 'Which direction does the wind push the marble if this is the icon you see?', 'corr': 'right', 'a': 'right'}","{'q': ""What should you do to delete the last line after you've drawn it?"", 'corr': 'undo', 'a': 'undo'}","{'q': 'How many attempts do you have per round?', 'corr': '5', 'a': '5'}","{'q': 'You can return to a previous LEVEL after the game.', 'corr': 'false', 'a': 'false'}"
connect-A20B9297233E4EC489E1FAFE9ED33CA0,1705337833786,"Mozilla/5.0 (Macintosh; Intel Mac OS X 10_15_7) AppleWebKit/605.1.15 (KHTML, like Gecko) Version/16.5 Safari/605.1.15","{'q': 'Which direction does the wind push the marble if this is the icon you see?', 'corr': 'right', 'a': 'right'}","{'q': ""What should you do to delete the last line after you've drawn it?"", 'corr': 'undo', 'a': 'undo'}","{'q': 'How many attempts do you have per round?', 'corr': '5', 'a': '5'}","{'q': 'You can return to a previous LEVEL after the game.', 'corr': 'false', 'a': 'false'}"
connect-67550B0A8CC84323BF8A30B2D0D33B6B,1705337922159,"Mozilla/5.0 (Windows NT 10.0; Win64; x64) AppleWebKit/537.36 (KHTML, like Gecko) Chrome/120.0.0.0 Safari/537.36","{'q': 'Which direction does the wind push the marble if this is the icon you see?', 'corr': 'right', 'a': 'right'}","{'q': ""What should you do to delete the last line after you've drawn it?"", 'corr': 'undo', 'a': 'clear'}","{'q': 'How many attempts do you have per round?', 'corr': '5', 'a': '5'}","{'q': 'You can return to a previous LEVEL after the game.', 'corr': 'false', 'a': 'false'}"
connect-7E553EDCD9C949A984A200B0681A8B0B,1705337819884,"Mozilla/5.0 (Windows NT 10.0; Win64; x64) AppleWebKit/537.36 (KHTML, like Gecko) Chrome/120.0.0.0 Safari/537.36","{'q': 'Which direction does the wind push the marble if this is the icon you see?', 'corr': 'right', 'a': 'right'}","{'q': ""What should you do to delete the last line after you've drawn it?"", 'corr': 'undo', 'a': 'undo'}","{'q': 'How many attempts do you have per round?', 'corr': '5', 'a': '1'}","{'q': 'You can return to a previous LEVEL after the game.', 'corr': 'false', 'a': 'false'}"
connect-07994856BD944213BD589A588737BEBC,1705338179064,"Mozilla/5.0 (Windows NT 10.0; Win64; x64) AppleWebKit/537.36 (KHTML, like Gecko) Chrome/120.0.0.0 Safari/537.36","{'q': 'Which direction does the wind push the marble if this is the icon you see?', 'corr': 'right', 'a': 'right'}","{'q': ""What should you do to delete the last line after you've drawn it?"", 'corr': 'undo', 'a': 'undo'}","{'q': 'How many attempts do you have per round?', 'corr': '5', 'a': 'unlimited'}","{'q': 'You can return to a previous LEVEL after the game.', 'corr': 'false', 'a': 'false'}"
connect-12EEE2EFE99145A7883B02B04BEFBFF8,1705337826083,"Mozilla/5.0 (Windows NT 10.0; Win64; x64) AppleWebKit/537.36 (KHTML, like Gecko) Chrome/120.0.0.0 Safari/537.36","{'q': 'Which direction does the wind push the marble if this is the icon you see?', 'corr': 'right', 'a': 'right'}","{'q': ""What should you do to delete the last line after you've drawn it?"", 'corr': 'undo', 'a': 'undo'}","{'q': 'How many attempts do you have per round?', 'corr': '5', 'a': '5'}","{'q': 'You can return to a previous LEVEL after the game.', 'corr': 'false', 'a': 'false'}"
connect-BE75C28233BF4FC2B473BC240E3A6CEC,1705337844544,"Mozilla/5.0 (X11; CrOS x86_64 14541.0.0) AppleWebKit/537.36 (KHTML, like Gecko) Chrome/120.0.0.0 Safari/537.36","{'q': 'Which direction does the wind push the marble if this is the icon you see?', 'corr': 'right', 'a': 'right'}","{'q': ""What should you do to delete the last line after you've drawn it?"", 'corr': 'undo', 'a': 'undo'}","{'q': 'How many attempts do you have per round?', 'corr': '5', 'a': 'unlimited'}","{'q': 'You can return to a previous LEVEL after the game.', 'corr': 'false', 'a': 'false'}"
connect-3BFBDC65C28E4B2FA8EDA187DB8AC711,1705338299981,"Mozilla/5.0 (Windows NT 10.0; Win64; x64) AppleWebKit/537.36 (KHTML, like Gecko) Chrome/120.0.0.0 Safari/537.36","{'q': 'Which direction does the wind push the marble if this is the icon you see?', 'corr': 'right', 'a': 'left'}","{'q': ""What should you do to delete the last line after you've drawn it?"", 'corr': 'undo', 'a': 'undo'}","{'q': 'How many attempts do you have per round?', 'corr': '5', 'a': '5'}","{'q': 'You can return to a previous LEVEL after the game.', 'corr': 'false', 'a': 'false'}"
connect-CFEA8E05CD284286A0495E7688A33342,1705338164307,"Mozilla/5.0 (Macintosh; Intel Mac OS X 10_15_7) AppleWebKit/537.36 (KHTML, like Gecko) Chrome/120.0.0.0 Safari/537.36","{'q': 'Which direction does the wind push the marble if this is the icon you see?', 'corr': 'right', 'a': 'right'}","{'q': ""What should you do to delete the last line after you've drawn it?"", 'corr': 'undo', 'a': 'undo'}","{'q': 'How many attempts do you have per round?', 'corr': '5', 'a': '5'}","{'q': 'You can return to a previous LEVEL after the game.', 'corr': 'false', 'a': 'false'}"
connect-AD3ABD00B3C645A6948AA069F9E50CFE,1705337832132,"Mozilla/5.0 (Windows NT 10.0; Win64; x64) AppleWebKit/537.36 (KHTML, like Gecko) Chrome/120.0.0.0 Safari/537.36","{'q': 'Which direction does the wind push the marble if this is the icon you see?', 'corr': 'right', 'a': 'right'}","{'q': ""What should you do to delete the last line after you've drawn it?"", 'corr': 'undo', 'a': 'undo'}","{'q': 'How many attempts do you have per round?', 'corr': '5', 'a': 'unlimited'}","{'q': 'You can return to a previous LEVEL after the game.', 'corr': 'false', 'a': 'false'}"
connect-676B796962454B5B82D5A865EB7DB888,1705337835735,"Mozilla/5.0 (Windows NT 10.0; Win64; x64) AppleWebKit/537.36 (KHTML, like Gecko) Chrome/120.0.0.0 Safari/537.36 Edg/120.0.0.0","{'q': 'Which direction does the wind push the marble if this is the icon you see?', 'corr': 'right', 'a': 'right'}","{'q': ""What should you do to delete the last line after you've drawn it?"", 'corr': 'undo', 'a': 'undo'}","{'q': 'How many attempts do you have per round?', 'corr': '5', 'a': '5'}","{'q': 'You can return to a previous LEVEL after the game.', 'corr': 'false', 'a': 'false'}"
connect-8AD70996DA284ECB828016DC41BD81FE,1705337845863,"Mozilla/5.0 (Windows NT 10.0; Win64; x64) AppleWebKit/537.36 (KHTML, like Gecko) Chrome/120.0.0.0 Safari/537.36","{'q': 'Which direction does the wind push the marble if this is the icon you see?', 'corr': 'right', 'a': 'right'}","{'q': ""What should you do to delete the last line after you've drawn it?"", 'corr': 'undo', 'a': 'undo'}","{'q': 'How many attempts do you have per round?', 'corr': '5', 'a': '5'}","{'q': 'You can return to a previous LEVEL after the game.', 'corr': 'false', 'a': 'false'}"
connect-9D77BFB713434C959919E681D5AA3E24,1705337839156,"Mozilla/5.0 (Windows NT 10.0; Win64; x64) AppleWebKit/537.36 (KHTML, like Gecko) Chrome/120.0.0.0 Safari/537.36","{'q': 'Which direction does the wind push the marble if this is the icon you see?', 'corr': 'right', 'a': 'right'}","{'q': ""What should you do to delete the last line after you've drawn it?"", 'corr': 'undo', 'a': 'undo'}","{'q': 'How many attempts do you have per round?', 'corr': '5', 'a': '5'}","{'q': 'You can return to a previous LEVEL after the game.', 'corr': 'false', 'a': 'false'}"
connect-62F845DA81FF4D948AEAC0A541012217,1705337879660,"Mozilla/5.0 (Windows NT 10.0; Win64; x64) AppleWebKit/537.36 (KHTML, like Gecko) Chrome/120.0.0.0 Safari/537.36 Edg/120.0.0.0","{'q': 'Which direction does the wind push the marble if this is the icon you see?', 'corr': 'right', 'a': 'left'}","{'q': ""What should you do to delete the last line after you've drawn it?"", 'corr': 'undo', 'a': 'undo'}","{'q': 'How many attempts do you have per round?', 'corr': '5', 'a': '5'}","{'q': 'You can return to a previous LEVEL after the game.', 'corr': 'false', 'a': 'false'}"
connect-B68BD0E6F41A485B82915E7849D16C84,1705337828767,"Mozilla/5.0 (Macintosh; Intel Mac OS X 10_15_7) AppleWebKit/537.36 (KHTML, like Gecko) Chrome/120.0.0.0 Safari/537.36","{'q': 'Which direction does the wind push the marble if this is the icon you see?', 'corr': 'right', 'a': 'right'}","{'q': ""What should you do to delete the last line after you've drawn it?"", 'corr': 'undo', 'a': 'undo'}","{'q': 'How many attempts do you have per round?', 'corr': '5', 'a': '5'}","{'q': 'You can return to a previous LEVEL after the game.', 'corr': 'false', 'a': 'false'}"
connect-87EE41F6127E4C2DB97D61F7BF43047D,1705337829503,"Mozilla/5.0 (Windows NT 10.0; Win64; x64) AppleWebKit/537.36 (KHTML, like Gecko) Chrome/120.0.0.0 Safari/537.36","{'q': 'Which direction does the wind push the marble if this is the icon you see?', 'corr': 'right', 'a': 'right'}","{'q': ""What should you do to delete the last line after you've drawn it?"", 'corr': 'undo', 'a': 'undo'}","{'q': 'How many attempts do you have per round?', 'corr': '5', 'a': '5'}","{'q': 'You can return to a previous LEVEL after the game.', 'corr': 'false', 'a': 'false'}"
connect-A7A920A93A2F48F2B39225FE9D6BE48B,1705339794606,"Mozilla/5.0 (Windows NT 10.0; Win64; x64) AppleWebKit/537.36 (KHTML, like Gecko) Chrome/120.0.0.0 Safari/537.36","{'q': 'Which direction does the wind push the marble if this is the icon you see?', 'corr': 'right', 'a': 'right'}","{'q': ""What should you do to delete the last line after you've drawn it?"", 'corr': 'undo', 'a': 'undo'}","{'q': 'How many attempts do you have per round?', 'corr': '5', 'a': '5'}","{'q': 'You can return to a previous LEVEL after the game.', 'corr': 'false', 'a': 'true'}"
connect-999F2F936AED4B91A498E2945D76235C,1705337829326,"Mozilla/5.0 (Windows NT 10.0; Win64; x64) AppleWebKit/537.36 (KHTML, like Gecko) Chrome/120.0.0.0 Safari/537.36","{'q': 'Which direction does the wind push the marble if this is the icon you see?', 'corr': 'right', 'a': 'right'}","{'q': ""What should you do to delete the last line after you've drawn it?"", 'corr': 'undo', 'a': 'undo'}","{'q': 'How many attempts do you have per round?', 'corr': '5', 'a': '5'}","{'q': 'You can return to a previous LEVEL after the game.', 'corr': 'false', 'a': 'false'}"
connect-E99CB3DAC1F1481DA3A93308667C23D6,1705337875897,"Mozilla/5.0 (Windows NT 10.0; Win64; x64) AppleWebKit/537.36 (KHTML, like Gecko) Chrome/120.0.0.0 Safari/537.36","{'q': 'Which direction does the wind push the marble if this is the icon you see?', 'corr': 'right', 'a': 'right'}","{'q': ""What should you do to delete the last line after you've drawn it?"", 'corr': 'undo', 'a': 'undo'}","{'q': 'How many attempts do you have per round?', 'corr': '5', 'a': '5'}","{'q': 'You can return to a previous LEVEL after the game.', 'corr': 'false', 'a': 'false'}"
connect-DE486C956E5549A0BD5552CD8C34C086,1705337838097,"Mozilla/5.0 (Windows NT 10.0; Win64; x64) AppleWebKit/537.36 (KHTML, like Gecko) Chrome/120.0.0.0 Safari/537.36 Edg/120.0.0.0","{'q': 'Which direction does the wind push the marble if this is the icon you see?', 'corr': 'right', 'a': 'left'}","{'q': ""What should you do to delete the last line after you've drawn it?"", 'corr': 'undo', 'a': 'undo'}","{'q': 'How many attempts do you have per round?', 'corr': '5', 'a': '5'}","{'q': 'You can return to a previous LEVEL after the game.', 'corr': 'false', 'a': 'false'}"
connect-63D7B418580149AF98F4124345C6DCA0,1705338778238,"Mozilla/5.0 (Windows NT 10.0; Win64; x64) AppleWebKit/537.36 (KHTML, like Gecko) Chrome/120.0.0.0 Safari/537.36","{'q': 'Which direction does the wind push the marble if this is the icon you see?', 'corr': 'right', 'a': 'right'}","{'q': ""What should you do to delete the last line after you've drawn it?"", 'corr': 'undo', 'a': 'undo'}","{'q': 'How many attempts do you have per round?', 'corr': '5', 'a': '5'}","{'q': 'You can return to a previous LEVEL after the game.', 'corr': 'false', 'a': 'false'}"
connect-DE590B4A0B2E416E812D5EE23852D334,1705338100699,"Mozilla/5.0 (Macintosh; Intel Mac OS X 10_15_7) AppleWebKit/537.36 (KHTML, like Gecko) Chrome/120.0.0.0 Safari/537.36","{'q': 'Which direction does the wind push the marble if this is the icon you see?', 'corr': 'right', 'a': 'right'}","{'q': ""What should you do to delete the last line after you've drawn it?"", 'corr': 'undo', 'a': 'undo'}","{'q': 'How many attempts do you have per round?', 'corr': '5', 'a': '5'}","{'q': 'You can return to a previous LEVEL after the game.', 'corr': 'false', 'a': 'false'}"
connect-CB2A62D186194087B8BBDE2AA49F9EEE,1705339703057,"Mozilla/5.0 (Windows NT 10.0; Win64; x64) AppleWebKit/537.36 (KHTML, like Gecko) Chrome/120.0.0.0 Safari/537.36","{'q': 'Which direction does the wind push the marble if this is the icon you see?', 'corr': 'right', 'a': 'left'}","{'q': ""What should you do to delete the last line after you've drawn it?"", 'corr': 'undo', 'a': 'undo'}","{'q': 'How many attempts do you have per round?', 'corr': '5', 'a': 'unlimited'}","{'q': 'You can return to a previous LEVEL after the game.', 'corr': 'false', 'a': 'false'}"
connect-CB2A62D186194087B8BBDE2AA49F9EEE,1705339703057,"Mozilla/5.0 (Windows NT 10.0; Win64; x64) AppleWebKit/537.36 (KHTML, like Gecko) Chrome/120.0.0.0 Safari/537.36","{'q': 'Which direction does the wind push the marble if this is the icon you see?', 'corr': 'right', 'a': 'right'}","{'q': ""What should you do to delete the last line after you've drawn it?"", 'corr': 'undo', 'a': 'undo'}","{'q': 'How many attempts do you have per round?', 'corr': '5', 'a': '5'}","{'q': 'You can return to a previous LEVEL after the game.', 'corr': 'false', 'a': 'false'}"
connect-4BCEE3A47B46451685AA06CF071AF4BF,1705168045011,"Mozilla/5.0 (Windows NT 10.0; Win64; x64) AppleWebKit/537.36 (KHTML, like Gecko) Chrome/120.0.0.0 Safari/537.36","{'q': 'Which direction does the wind push the marble if this is the icon you see?', 'corr': 'right', 'a': 'right'}","{'q': ""What should you do to delete the last line after you've drawn it?"", 'corr': 'undo', 'a': 'undo'}","{'q': 'How many attempts do you have per round?', 'corr': '5', 'a': '5'}","{'q': 'You can return to a previous LEVEL after the game.', 'corr': 'false', 'a': 'false'}"
connect-F49895A417FF41E8B964A363224BB377,1705339477076,"Mozilla/5.0 (Windows NT 10.0; Win64; x64) AppleWebKit/537.36 (KHTML, like Gecko) Chrome/120.0.0.0 Safari/537.36 Edg/120.0.0.0","{'q': 'Which direction does the wind push the marble if this is the icon you see?', 'corr': 'right', 'a': 'left'}","{'q': ""What should you do to delete the last line after you've drawn it?"", 'corr': 'undo', 'a': 'undo'}","{'q': 'How many attempts do you have per round?', 'corr': '5', 'a': '5'}","{'q': 'You can return to a previous LEVEL after the game.', 'corr': 'false', 'a': 'false'}"
connect-678C8BA851524B3BB77BA63C400DA3ED,1705337842993,"Mozilla/5.0 (Windows NT 10.0; Win64; x64) AppleWebKit/537.36 (KHTML, like Gecko) Chrome/120.0.0.0 Safari/537.36 Edg/120.0.0.0","{'q': 'Which direction does the wind push the marble if this is the icon you see?', 'corr': 'right', 'a': 'right'}","{'q': ""What should you do to delete the last line after you've drawn it?"", 'corr': 'undo', 'a': 'undo'}","{'q': 'How many attempts do you have per round?', 'corr': '5', 'a': '5'}","{'q': 'You can return to a previous LEVEL after the game.', 'corr': 'false', 'a': 'false'}"
connect-5095C1240E404B5A8B36B2D2D7A80788,1705337842118,"Mozilla/5.0 (Windows NT 10.0; Win64; x64) AppleWebKit/537.36 (KHTML, like Gecko) Chrome/120.0.0.0 Safari/537.36","{'q': 'Which direction does the wind push the marble if this is the icon you see?', 'corr': 'right', 'a': 'right'}","{'q': ""What should you do to delete the last line after you've drawn it?"", 'corr': 'undo', 'a': 'undo'}","{'q': 'How many attempts do you have per round?', 'corr': '5', 'a': '5'}","{'q': 'You can return to a previous LEVEL after the game.', 'corr': 'false', 'a': 'false'}"
connect-FB485164F6DF4179954E551DF7B4722C,1705338724137,"Mozilla/5.0 (Windows NT 10.0; Win64; x64) AppleWebKit/537.36 (KHTML, like Gecko) Chrome/120.0.0.0 Safari/537.36","{'q': 'Which direction does the wind push the marble if this is the icon you see?', 'corr': 'right', 'a': 'right'}","{'q': ""What should you do to delete the last line after you've drawn it?"", 'corr': 'undo', 'a': 'undo'}","{'q': 'How many attempts do you have per round?', 'corr': '5', 'a': '5'}","{'q': 'You can return to a previous LEVEL after the game.', 'corr': 'false', 'a': 'false'}"
connect-303D99BA9DBC40BEAC4248F43EC2654B,1705337827452,"Mozilla/5.0 (Macintosh; Intel Mac OS X 10_15_7) AppleWebKit/537.36 (KHTML, like Gecko) Chrome/116.0.0.0 Safari/537.36","{'q': 'Which direction does the wind push the marble if this is the icon you see?', 'corr': 'right', 'a': 'left'}","{'q': ""What should you do to delete the last line after you've drawn it?"", 'corr': 'undo', 'a': 'undo'}","{'q': 'How many attempts do you have per round?', 'corr': '5', 'a': '5'}","{'q': 'You can return to a previous LEVEL after the game.', 'corr': 'false', 'a': 'false'}"
connect-377EB0CE09C14DF8AFA6145368FF376B,1705339823291,"Mozilla/5.0 (Windows NT 10.0; Win64; x64) AppleWebKit/537.36 (KHTML, like Gecko) Chrome/120.0.0.0 Safari/537.36","{'q': 'Which direction does the wind push the marble if this is the icon you see?', 'corr': 'right', 'a': 'right'}","{'q': ""What should you do to delete the last line after you've drawn it?"", 'corr': 'undo', 'a': 'undo'}","{'q': 'How many attempts do you have per round?', 'corr': '5', 'a': '5'}","{'q': 'You can return to a previous LEVEL after the game.', 'corr': 'false', 'a': 'false'}"
connect-0924C9378B274EF6A1DE3DF676A22DAE,1705337846535,"Mozilla/5.0 (Windows NT 10.0; Win64; x64) AppleWebKit/537.36 (KHTML, like Gecko) Chrome/120.0.0.0 Safari/537.36","{'q': 'Which direction does the wind push the marble if this is the icon you see?', 'corr': 'right', 'a': 'left'}","{'q': ""What should you do to delete the last line after you've drawn it?"", 'corr': 'undo', 'a': 'undo'}","{'q': 'How many attempts do you have per round?', 'corr': '5', 'a': '5'}","{'q': 'You can return to a previous LEVEL after the game.', 'corr': 'false', 'a': 'false'}"
connect-E7403536FA54483B8A59905B91672F6B,1705339231400,"Mozilla/5.0 (Windows NT 10.0; Win64; x64) AppleWebKit/537.36 (KHTML, like Gecko) Chrome/120.0.0.0 Safari/537.36","{'q': 'Which direction does the wind push the marble if this is the icon you see?', 'corr': 'right', 'a': 'right'}","{'q': ""What should you do to delete the last line after you've drawn it?"", 'corr': 'undo', 'a': 'undo'}","{'q': 'How many attempts do you have per round?', 'corr': '5', 'a': '5'}","{'q': 'You can return to a previous LEVEL after the game.', 'corr': 'false', 'a': 'false'}"
connect-5A4271B5E62442DF849626E815631C7D,1705337862075,"Mozilla/5.0 (Windows NT 10.0; Win64; x64) AppleWebKit/537.36 (KHTML, like Gecko) Chrome/120.0.0.0 Safari/537.36","{'q': 'Which direction does the wind push the marble if this is the icon you see?', 'corr': 'right', 'a': 'right'}","{'q': ""What should you do to delete the last line after you've drawn it?"", 'corr': 'undo', 'a': 'undo'}","{'q': 'How many attempts do you have per round?', 'corr': '5', 'a': '5'}","{'q': 'You can return to a previous LEVEL after the game.', 'corr': 'false', 'a': 'false'}"
connect-149A52792BED44CBB0251676B7D236F7,1705338172961,"Mozilla/5.0 (Macintosh; Intel Mac OS X 10_15_7) AppleWebKit/537.36 (KHTML, like Gecko) Chrome/120.0.0.0 Safari/537.36","{'q': 'Which direction does the wind push the marble if this is the icon you see?', 'corr': 'right', 'a': 'right'}","{'q': ""What should you do to delete the last line after you've drawn it?"", 'corr': 'undo', 'a': 'undo'}","{'q': 'How many attempts do you have per round?', 'corr': '5', 'a': '5'}","{'q': 'You can return to a previous LEVEL after the game.', 'corr': 'false', 'a': 'false'}"
connect-210D1EED4E4C46D3AA7FCED923C8915C,1705337832010,"Mozilla/5.0 (Windows NT 10.0; Win64; x64) AppleWebKit/537.36 (KHTML, like Gecko) Chrome/120.0.0.0 Safari/537.36 Edg/120.0.0.0","{'q': 'Which direction does the wind push the marble if this is the icon you see?', 'corr': 'right', 'a': 'right'}","{'q': ""What should you do to delete the last line after you've drawn it?"", 'corr': 'undo', 'a': 'undo'}","{'q': 'How many attempts do you have per round?', 'corr': '5', 'a': '3'}","{'q': 'You can return to a previous LEVEL after the game.', 'corr': 'false', 'a': 'false'}"
connect-F6C2C2975E2D47A29BB1DC4817243718,1705341473375,"Mozilla/5.0 (Windows NT 10.0; Win64; x64) AppleWebKit/537.36 (KHTML, like Gecko) Chrome/120.0.0.0 Safari/537.36","{'q': 'Which direction does the wind push the marble if this is the icon you see?', 'corr': 'right', 'a': 'left'}","{'q': ""What should you do to delete the last line after you've drawn it?"", 'corr': 'undo', 'a': 'undo'}","{'q': 'How many attempts do you have per round?', 'corr': '5', 'a': '5'}","{'q': 'You can return to a previous LEVEL after the game.', 'corr': 'false', 'a': 'false'}"
connect-22AB2A9C4D62424C977E676960E2A08E,1705337836926,"Mozilla/5.0 (X11; CrOS x86_64 14541.0.0) AppleWebKit/537.36 (KHTML, like Gecko) Chrome/119.0.0.0 Safari/537.36","{'q': 'Which direction does the wind push the marble if this is the icon you see?', 'corr': 'right', 'a': 'right'}","{'q': ""What should you do to delete the last line after you've drawn it?"", 'corr': 'undo', 'a': 'undo'}","{'q': 'How many attempts do you have per round?', 'corr': '5', 'a': '5'}","{'q': 'You can return to a previous LEVEL after the game.', 'corr': 'false', 'a': 'false'}"
connect-325787D7E6CA4328A287C32674A4F5B2,1705337841682,"Mozilla/5.0 (Windows NT 10.0; Win64; x64) AppleWebKit/537.36 (KHTML, like Gecko) Chrome/120.0.0.0 Safari/537.36","{'q': 'Which direction does the wind push the marble if this is the icon you see?', 'corr': 'right', 'a': 'left'}","{'q': ""What should you do to delete the last line after you've drawn it?"", 'corr': 'undo', 'a': 'undo'}","{'q': 'How many attempts do you have per round?', 'corr': '5', 'a': '5'}","{'q': 'You can return to a previous LEVEL after the game.', 'corr': 'false', 'a': 'false'}"
connect-F73E005194304A009130BCC82A6B3D52,1705337833126,"Mozilla/5.0 (X11; Linux x86_64) AppleWebKit/537.36 (KHTML, like Gecko) Chrome/120.0.0.0 Safari/537.36","{'q': 'Which direction does the wind push the marble if this is the icon you see?', 'corr': 'right', 'a': 'left'}","{'q': ""What should you do to delete the last line after you've drawn it?"", 'corr': 'undo', 'a': 'clear'}","{'q': 'How many attempts do you have per round?', 'corr': '5', 'a': '5'}","{'q': 'You can return to a previous LEVEL after the game.', 'corr': 'false', 'a': 'false'}"
connect-F73E005194304A009130BCC82A6B3D52,1705337833126,"Mozilla/5.0 (X11; Linux x86_64) AppleWebKit/537.36 (KHTML, like Gecko) Chrome/120.0.0.0 Safari/537.36","{'q': 'Which direction does the wind push the marble if this is the icon you see?', 'corr': 'right', 'a': 'right'}","{'q': ""What should you do to delete the last line after you've drawn it?"", 'corr': 'undo', 'a': 'none'}","{'q': 'How many attempts do you have per round?', 'corr': '5', 'a': '5'}","{'q': 'You can return to a previous LEVEL after the game.', 'corr': 'false', 'a': 'true'}"
connect-46C317071AFD46D9990A9FE0853F144F,1705337849011,"Mozilla/5.0 (Macintosh; Intel Mac OS X 10_15_7) AppleWebKit/537.36 (KHTML, like Gecko) Chrome/120.0.0.0 Safari/537.36","{'q': 'Which direction does the wind push the marble if this is the icon you see?', 'corr': 'right', 'a': 'right'}","{'q': ""What should you do to delete the last line after you've drawn it?"", 'corr': 'undo', 'a': 'undo'}","{'q': 'How many attempts do you have per round?', 'corr': '5', 'a': '5'}","{'q': 'You can return to a previous LEVEL after the game.', 'corr': 'false', 'a': 'false'}"
connect-6D1184B973EE42BBA25592B2989F2B29,1705167878884,Mozilla/5.0 (Windows NT 10.0; Win64; x64; rv:121.0) Gecko/20100101 Firefox/121.0,"{'q': 'Which direction does the wind push the marble if this is the icon you see?', 'corr': 'right', 'a': 'right'}","{'q': ""What should you do to delete the last line after you've drawn it?"", 'corr': 'undo', 'a': 'undo'}","{'q': 'How many attempts do you have per round?', 'corr': '5', 'a': '5'}","{'q': 'You can return to a previous LEVEL after the game.', 'corr': 'false', 'a': 'false'}"
connect-7D0CC43EFF454085A097E314118598BA,1705167826714,"Mozilla/5.0 (Windows NT 10.0; Win64; x64) AppleWebKit/537.36 (KHTML, like Gecko) Chrome/120.0.0.0 Safari/537.36 Edg/120.0.0.0","{'q': 'Which direction does the wind push the marble if this is the icon you see?', 'corr': 'right', 'a': 'right'}","{'q': ""What should you do to delete the last line after you've drawn it?"", 'corr': 'undo', 'a': 'undo'}","{'q': 'How many attempts do you have per round?', 'corr': '5', 'a': '5'}","{'q': 'You can return to a previous LEVEL after the game.', 'corr': 'false', 'a': 'false'}"
connect-DF243E04841E4ECB8A3B35D547E6039C,1705337826136,"Mozilla/5.0 (Windows NT 10.0; Win64; x64) AppleWebKit/537.36 (KHTML, like Gecko) Chrome/120.0.0.0 Safari/537.36","{'q': 'Which direction does the wind push the marble if this is the icon you see?', 'corr': 'right', 'a': 'right'}","{'q': ""What should you do to delete the last line after you've drawn it?"", 'corr': 'undo', 'a': 'undo'}","{'q': 'How many attempts do you have per round?', 'corr': '5', 'a': '5'}","{'q': 'You can return to a previous LEVEL after the game.', 'corr': 'false', 'a': 'false'}"
connect-1A4C62E92A2448428B1731CF7DF4BFE2,1705337845546,"Mozilla/5.0 (Macintosh; Intel Mac OS X 10_15_7) AppleWebKit/537.36 (KHTML, like Gecko) Chrome/120.0.0.0 Safari/537.36","{'q': 'Which direction does the wind push the marble if this is the icon you see?', 'corr': 'right', 'a': 'left'}","{'q': ""What should you do to delete the last line after you've drawn it?"", 'corr': 'undo', 'a': 'undo'}","{'q': 'How many attempts do you have per round?', 'corr': '5', 'a': '5'}","{'q': 'You can return to a previous LEVEL after the game.', 'corr': 'false', 'a': 'false'}"
connect-DE8DEC42101C48DEAF5B12C04FCE8999,1705337836482,"Mozilla/5.0 (Windows NT 10.0; Win64; x64) AppleWebKit/537.36 (KHTML, like Gecko) Chrome/120.0.0.0 Safari/537.36","{'q': 'Which direction does the wind push the marble if this is the icon you see?', 'corr': 'right', 'a': 'right'}","{'q': ""What should you do to delete the last line after you've drawn it?"", 'corr': 'undo', 'a': 'undo'}","{'q': 'How many attempts do you have per round?', 'corr': '5', 'a': '5'}","{'q': 'You can return to a previous LEVEL after the game.', 'corr': 'false', 'a': 'false'}"
connect-183C8C3012244F4494A2E516996A890D,1705337819550,"Mozilla/5.0 (Macintosh; Intel Mac OS X 10_15_7) AppleWebKit/605.1.15 (KHTML, like Gecko) Version/17.1 Safari/605.1.15","{'q': 'Which direction does the wind push the marble if this is the icon you see?', 'corr': 'right', 'a': 'right'}","{'q': ""What should you do to delete the last line after you've drawn it?"", 'corr': 'undo', 'a': 'undo'}","{'q': 'How many attempts do you have per round?', 'corr': '5', 'a': '1'}","{'q': 'You can return to a previous LEVEL after the game.', 'corr': 'false', 'a': 'false'}"
connect-A0566D549089447AB8D53FDE080B0A9C,1705337849057,"Mozilla/5.0 (Windows NT 10.0; Win64; x64) AppleWebKit/537.36 (KHTML, like Gecko) Chrome/120.0.0.0 Safari/537.36","{'q': 'Which direction does the wind push the marble if this is the icon you see?', 'corr': 'right', 'a': 'right'}","{'q': ""What should you do to delete the last line after you've drawn it?"", 'corr': 'undo', 'a': 'undo'}","{'q': 'How many attempts do you have per round?', 'corr': '5', 'a': '5'}","{'q': 'You can return to a previous LEVEL after the game.', 'corr': 'false', 'a': 'false'}"
connect-EA1DDBB0D9E5471381D5FD3553DC8E12,1705337912613,"Mozilla/5.0 (Windows NT 10.0; Win64; x64) AppleWebKit/537.36 (KHTML, like Gecko) Chrome/120.0.0.0 Safari/537.36","{'q': 'Which direction does the wind push the marble if this is the icon you see?', 'corr': 'right', 'a': 'left'}","{'q': ""What should you do to delete the last line after you've drawn it?"", 'corr': 'undo', 'a': 'undo'}","{'q': 'How many attempts do you have per round?', 'corr': '5', 'a': '5'}","{'q': 'You can return to a previous LEVEL after the game.', 'corr': 'false', 'a': 'false'}"
connect-39EA9FD515844207B3DA47AA34B2A2CF,1705337825891,"Mozilla/5.0 (Windows NT 10.0; Win64; x64) AppleWebKit/537.36 (KHTML, like Gecko) Chrome/120.0.0.0 Safari/537.36","{'q': 'Which direction does the wind push the marble if this is the icon you see?', 'corr': 'right', 'a': 'left'}","{'q': ""What should you do to delete the last line after you've drawn it?"", 'corr': 'undo', 'a': 'undo'}","{'q': 'How many attempts do you have per round?', 'corr': '5', 'a': '5'}","{'q': 'You can return to a previous LEVEL after the game.', 'corr': 'false', 'a': 'false'}"
